F:\Macquarie\Sem 1\Data Science\Github\assignment-2-talalahmad27\dataset2\sunrise343.jpg,sunrise
F:\Macquarie\Sem 1\Data Science\Github\assignment-2-talalahmad27\dataset2\shine169.jpg,shine
F:\Macquarie\Sem 1\Data Science\Github\assignment-2-talalahmad27\dataset2\sunrise121.jpg,sunrise
F:\Macquarie\Sem 1\Data Science\Github\assignment-2-talalahmad27\dataset2\sunrise350.jpg,sunrise
F:\Macquarie\Sem 1\Data Science\Github\assignment-2-talalahmad27\dataset2\shine74.jpg,shine
F:\Macquarie\Sem 1\Data Science\Github\assignment-2-talalahmad27\dataset2\cloudy139.jpg,cloudy
F:\Macquarie\Sem 1\Data Science\Github\assignment-2-talalahmad27\dataset2\rain104.jpg,rain
F:\Macquarie\Sem 1\Data Science\Github\assignment-2-talalahmad27\dataset2\rain21.jpg,rain
F:\Macquarie\Sem 1\Data Science\Github\assignment-2-talalahmad27\dataset2\sunrise9.jpg,sunrise
F:\Macquarie\Sem 1\Data Science\Github\assignment-2-talalahmad27\dataset2\cloudy133.jpg,cloudy
F:\Macquarie\Sem 1\Data Science\Github\assignment-2-talalahmad27\dataset2\sunrise160.jpg,sunrise
F:\Macquarie\Sem 1\Data Science\Github\assignment-2-talalahmad27\dataset2\sunrise12.jpg,sunrise
F:\Macquarie\Sem 1\Data Science\Github\assignment-2-talalahmad27\dataset2\shine178.jpg,shine
F:\Macquarie\Sem 1\Data Science\Github\assignment-2-talalahmad27\dataset2\sunrise52.jpg,sunrise
F:\Macquarie\Sem 1\Data Science\Github\assignment-2-talalahmad27\dataset2\cloudy37.jpg,cloudy
F:\Macquarie\Sem 1\Data Science\Github\assignment-2-talalahmad27\dataset2\rain12.jpg,rain
F:\Macquarie\Sem 1\Data Science\Github\assignment-2-talalahmad27\dataset2\rain28.jpg,rain
F:\Macquarie\Sem 1\Data Science\Github\assignment-2-talalahmad27\dataset2\shine139.jpg,shine
F:\Macquarie\Sem 1\Data Science\Github\assignment-2-talalahmad27\dataset2\rain13.jpg,rain
F:\Macquarie\Sem 1\Data Science\Github\assignment-2-talalahmad27\dataset2\cloudy207.jpg,cloudy
F:\Macquarie\Sem 1\Data Science\Github\assignment-2-talalahmad27\dataset2\cloudy120.jpg,cloudy
F:\Macquarie\Sem 1\Data Science\Github\assignment-2-talalahmad27\dataset2\shine249.jpg,shine
F:\Macquarie\Sem 1\Data Science\Github\assignment-2-talalahmad27\dataset2\rain213.jpg,rain
F:\Macquarie\Sem 1\Data Science\Github\assignment-2-talalahmad27\dataset2\shine29.jpg,shine
F:\Macquarie\Sem 1\Data Science\Github\assignment-2-talalahmad27\dataset2\sunrise275.jpg,sunrise
F:\Macquarie\Sem 1\Data Science\Github\assignment-2-talalahmad27\dataset2\rain129.jpg,rain
F:\Macquarie\Sem 1\Data Science\Github\assignment-2-talalahmad27\dataset2\sunrise318.jpg,sunrise
F:\Macquarie\Sem 1\Data Science\Github\assignment-2-talalahmad27\dataset2\shine32.jpg,shine
F:\Macquarie\Sem 1\Data Science\Github\assignment-2-talalahmad27\dataset2\sunrise190.jpg,sunrise
F:\Macquarie\Sem 1\Data Science\Github\assignment-2-talalahmad27\dataset2\cloudy299.jpg,cloudy
F:\Macquarie\Sem 1\Data Science\Github\assignment-2-talalahmad27\dataset2\shine8.jpg,shine
F:\Macquarie\Sem 1\Data Science\Github\assignment-2-talalahmad27\dataset2\sunrise6.jpg,sunrise
F:\Macquarie\Sem 1\Data Science\Github\assignment-2-talalahmad27\dataset2\sunrise178.jpg,sunrise
F:\Macquarie\Sem 1\Data Science\Github\assignment-2-talalahmad27\dataset2\rain32.jpg,rain
F:\Macquarie\Sem 1\Data Science\Github\assignment-2-talalahmad27\dataset2\rain16.jpg,rain
F:\Macquarie\Sem 1\Data Science\Github\assignment-2-talalahmad27\dataset2\cloudy242.jpg,cloudy
F:\Macquarie\Sem 1\Data Science\Github\assignment-2-talalahmad27\dataset2\cloudy18.jpg,cloudy
F:\Macquarie\Sem 1\Data Science\Github\assignment-2-talalahmad27\dataset2\cloudy112.jpg,cloudy
F:\Macquarie\Sem 1\Data Science\Github\assignment-2-talalahmad27\dataset2\cloudy115.jpg,cloudy
F:\Macquarie\Sem 1\Data Science\Github\assignment-2-talalahmad27\dataset2\rain155.jpg,rain
F:\Macquarie\Sem 1\Data Science\Github\assignment-2-talalahmad27\dataset2\sunrise31.jpg,sunrise
F:\Macquarie\Sem 1\Data Science\Github\assignment-2-talalahmad27\dataset2\sunrise53.jpg,sunrise
F:\Macquarie\Sem 1\Data Science\Github\assignment-2-talalahmad27\dataset2\sunrise17.jpg,sunrise
F:\Macquarie\Sem 1\Data Science\Github\assignment-2-talalahmad27\dataset2\cloudy195.jpg,cloudy
F:\Macquarie\Sem 1\Data Science\Github\assignment-2-talalahmad27\dataset2\shine73.jpg,shine
F:\Macquarie\Sem 1\Data Science\Github\assignment-2-talalahmad27\dataset2\rain172.jpg,rain
F:\Macquarie\Sem 1\Data Science\Github\assignment-2-talalahmad27\dataset2\sunrise341.jpg,sunrise
F:\Macquarie\Sem 1\Data Science\Github\assignment-2-talalahmad27\dataset2\sunrise172.jpg,sunrise
F:\Macquarie\Sem 1\Data Science\Github\assignment-2-talalahmad27\dataset2\shine107.jpg,shine
F:\Macquarie\Sem 1\Data Science\Github\assignment-2-talalahmad27\dataset2\rain200.jpg,rain
F:\Macquarie\Sem 1\Data Science\Github\assignment-2-talalahmad27\dataset2\cloudy122.jpg,cloudy
F:\Macquarie\Sem 1\Data Science\Github\assignment-2-talalahmad27\dataset2\rain117.jpg,rain
F:\Macquarie\Sem 1\Data Science\Github\assignment-2-talalahmad27\dataset2\cloudy80.jpg,cloudy
F:\Macquarie\Sem 1\Data Science\Github\assignment-2-talalahmad27\dataset2\sunrise87.jpg,sunrise
F:\Macquarie\Sem 1\Data Science\Github\assignment-2-talalahmad27\dataset2\cloudy219.jpg,cloudy
F:\Macquarie\Sem 1\Data Science\Github\assignment-2-talalahmad27\dataset2\shine3.jpg,shine
F:\Macquarie\Sem 1\Data Science\Github\assignment-2-talalahmad27\dataset2\sunrise23.jpg,sunrise
F:\Macquarie\Sem 1\Data Science\Github\assignment-2-talalahmad27\dataset2\shine164.jpg,shine
F:\Macquarie\Sem 1\Data Science\Github\assignment-2-talalahmad27\dataset2\sunrise50.jpg,sunrise
F:\Macquarie\Sem 1\Data Science\Github\assignment-2-talalahmad27\dataset2\rain199.jpg,rain
F:\Macquarie\Sem 1\Data Science\Github\assignment-2-talalahmad27\dataset2\sunrise107.jpg,sunrise
F:\Macquarie\Sem 1\Data Science\Github\assignment-2-talalahmad27\dataset2\cloudy73.jpg,cloudy
F:\Macquarie\Sem 1\Data Science\Github\assignment-2-talalahmad27\dataset2\shine79.jpg,shine
F:\Macquarie\Sem 1\Data Science\Github\assignment-2-talalahmad27\dataset2\shine174.jpg,shine
F:\Macquarie\Sem 1\Data Science\Github\assignment-2-talalahmad27\dataset2\sunrise155.jpg,sunrise
F:\Macquarie\Sem 1\Data Science\Github\assignment-2-talalahmad27\dataset2\shine15.jpg,shine
F:\Macquarie\Sem 1\Data Science\Github\assignment-2-talalahmad27\dataset2\cloudy273.jpg,cloudy
F:\Macquarie\Sem 1\Data Science\Github\assignment-2-talalahmad27\dataset2\rain158.jpg,rain
F:\Macquarie\Sem 1\Data Science\Github\assignment-2-talalahmad27\dataset2\rain192.jpg,rain
F:\Macquarie\Sem 1\Data Science\Github\assignment-2-talalahmad27\dataset2\cloudy154.jpg,cloudy
F:\Macquarie\Sem 1\Data Science\Github\assignment-2-talalahmad27\dataset2\sunrise283.jpg,sunrise
F:\Macquarie\Sem 1\Data Science\Github\assignment-2-talalahmad27\dataset2\sunrise274.jpg,sunrise
F:\Macquarie\Sem 1\Data Science\Github\assignment-2-talalahmad27\dataset2\sunrise49.jpg,sunrise
F:\Macquarie\Sem 1\Data Science\Github\assignment-2-talalahmad27\dataset2\cloudy56.jpg,cloudy
F:\Macquarie\Sem 1\Data Science\Github\assignment-2-talalahmad27\dataset2\cloudy265.jpg,cloudy
F:\Macquarie\Sem 1\Data Science\Github\assignment-2-talalahmad27\dataset2\rain142.jpg,rain
F:\Macquarie\Sem 1\Data Science\Github\assignment-2-talalahmad27\dataset2\shine232.jpg,shine
F:\Macquarie\Sem 1\Data Science\Github\assignment-2-talalahmad27\dataset2\cloudy167.jpg,cloudy
F:\Macquarie\Sem 1\Data Science\Github\assignment-2-talalahmad27\dataset2\cloudy174.jpg,cloudy
F:\Macquarie\Sem 1\Data Science\Github\assignment-2-talalahmad27\dataset2\cloudy38.jpg,cloudy
F:\Macquarie\Sem 1\Data Science\Github\assignment-2-talalahmad27\dataset2\shine38.jpg,shine
F:\Macquarie\Sem 1\Data Science\Github\assignment-2-talalahmad27\dataset2\rain132.jpg,rain
F:\Macquarie\Sem 1\Data Science\Github\assignment-2-talalahmad27\dataset2\shine67.jpg,shine
F:\Macquarie\Sem 1\Data Science\Github\assignment-2-talalahmad27\dataset2\sunrise263.jpg,sunrise
F:\Macquarie\Sem 1\Data Science\Github\assignment-2-talalahmad27\dataset2\sunrise323.jpg,sunrise
F:\Macquarie\Sem 1\Data Science\Github\assignment-2-talalahmad27\dataset2\sunrise267.jpg,sunrise
F:\Macquarie\Sem 1\Data Science\Github\assignment-2-talalahmad27\dataset2\cloudy12.jpg,cloudy
F:\Macquarie\Sem 1\Data Science\Github\assignment-2-talalahmad27\dataset2\shine243.jpg,shine
F:\Macquarie\Sem 1\Data Science\Github\assignment-2-talalahmad27\dataset2\cloudy158.jpg,cloudy
F:\Macquarie\Sem 1\Data Science\Github\assignment-2-talalahmad27\dataset2\cloudy271.jpg,cloudy
F:\Macquarie\Sem 1\Data Science\Github\assignment-2-talalahmad27\dataset2\shine87.jpg,shine
F:\Macquarie\Sem 1\Data Science\Github\assignment-2-talalahmad27\dataset2\shine248.jpg,shine
F:\Macquarie\Sem 1\Data Science\Github\assignment-2-talalahmad27\dataset2\cloudy191.jpg,cloudy
F:\Macquarie\Sem 1\Data Science\Github\assignment-2-talalahmad27\dataset2\rain44.jpg,rain
F:\Macquarie\Sem 1\Data Science\Github\assignment-2-talalahmad27\dataset2\shine85.jpg,shine
F:\Macquarie\Sem 1\Data Science\Github\assignment-2-talalahmad27\dataset2\cloudy137.jpg,cloudy
F:\Macquarie\Sem 1\Data Science\Github\assignment-2-talalahmad27\dataset2\cloudy141.jpg,cloudy
F:\Macquarie\Sem 1\Data Science\Github\assignment-2-talalahmad27\dataset2\cloudy19.jpg,cloudy
F:\Macquarie\Sem 1\Data Science\Github\assignment-2-talalahmad27\dataset2\sunrise307.jpg,sunrise
F:\Macquarie\Sem 1\Data Science\Github\assignment-2-talalahmad27\dataset2\cloudy23.jpg,cloudy
F:\Macquarie\Sem 1\Data Science\Github\assignment-2-talalahmad27\dataset2\rain150.jpg,rain
F:\Macquarie\Sem 1\Data Science\Github\assignment-2-talalahmad27\dataset2\sunrise96.jpg,sunrise
F:\Macquarie\Sem 1\Data Science\Github\assignment-2-talalahmad27\dataset2\rain19.jpg,rain
F:\Macquarie\Sem 1\Data Science\Github\assignment-2-talalahmad27\dataset2\shine66.jpg,shine
F:\Macquarie\Sem 1\Data Science\Github\assignment-2-talalahmad27\dataset2\shine168.jpg,shine
F:\Macquarie\Sem 1\Data Science\Github\assignment-2-talalahmad27\dataset2\cloudy220.jpg,cloudy
F:\Macquarie\Sem 1\Data Science\Github\assignment-2-talalahmad27\dataset2\sunrise314.jpg,sunrise
F:\Macquarie\Sem 1\Data Science\Github\assignment-2-talalahmad27\dataset2\cloudy149.jpg,cloudy
F:\Macquarie\Sem 1\Data Science\Github\assignment-2-talalahmad27\dataset2\rain56.jpg,rain
F:\Macquarie\Sem 1\Data Science\Github\assignment-2-talalahmad27\dataset2\rain66.jpg,rain
F:\Macquarie\Sem 1\Data Science\Github\assignment-2-talalahmad27\dataset2\sunrise260.jpg,sunrise
F:\Macquarie\Sem 1\Data Science\Github\assignment-2-talalahmad27\dataset2\shine4.jpg,shine
F:\Macquarie\Sem 1\Data Science\Github\assignment-2-talalahmad27\dataset2\sunrise99.jpg,sunrise
F:\Macquarie\Sem 1\Data Science\Github\assignment-2-talalahmad27\dataset2\sunrise126.jpg,sunrise
F:\Macquarie\Sem 1\Data Science\Github\assignment-2-talalahmad27\dataset2\cloudy46.jpg,cloudy
F:\Macquarie\Sem 1\Data Science\Github\assignment-2-talalahmad27\dataset2\rain99.jpg,rain
F:\Macquarie\Sem 1\Data Science\Github\assignment-2-talalahmad27\dataset2\cloudy275.jpg,cloudy
F:\Macquarie\Sem 1\Data Science\Github\assignment-2-talalahmad27\dataset2\rain208.jpg,rain
F:\Macquarie\Sem 1\Data Science\Github\assignment-2-talalahmad27\dataset2\sunrise81.jpg,sunrise
F:\Macquarie\Sem 1\Data Science\Github\assignment-2-talalahmad27\dataset2\rain177.jpg,rain
F:\Macquarie\Sem 1\Data Science\Github\assignment-2-talalahmad27\dataset2\cloudy82.jpg,cloudy
F:\Macquarie\Sem 1\Data Science\Github\assignment-2-talalahmad27\dataset2\shine175.jpg,shine
F:\Macquarie\Sem 1\Data Science\Github\assignment-2-talalahmad27\dataset2\cloudy232.jpg,cloudy
F:\Macquarie\Sem 1\Data Science\Github\assignment-2-talalahmad27\dataset2\shine44.jpg,shine
F:\Macquarie\Sem 1\Data Science\Github\assignment-2-talalahmad27\dataset2\cloudy159.jpg,cloudy
F:\Macquarie\Sem 1\Data Science\Github\assignment-2-talalahmad27\dataset2\sunrise21.jpg,sunrise
F:\Macquarie\Sem 1\Data Science\Github\assignment-2-talalahmad27\dataset2\sunrise102.jpg,sunrise
F:\Macquarie\Sem 1\Data Science\Github\assignment-2-talalahmad27\dataset2\rain111.jpg,rain
F:\Macquarie\Sem 1\Data Science\Github\assignment-2-talalahmad27\dataset2\rain110.jpg,rain
F:\Macquarie\Sem 1\Data Science\Github\assignment-2-talalahmad27\dataset2\shine11.jpg,shine
F:\Macquarie\Sem 1\Data Science\Github\assignment-2-talalahmad27\dataset2\cloudy196.jpg,cloudy
F:\Macquarie\Sem 1\Data Science\Github\assignment-2-talalahmad27\dataset2\rain64.jpg,rain
F:\Macquarie\Sem 1\Data Science\Github\assignment-2-talalahmad27\dataset2\sunrise244.jpg,sunrise
F:\Macquarie\Sem 1\Data Science\Github\assignment-2-talalahmad27\dataset2\shine16.jpg,shine
F:\Macquarie\Sem 1\Data Science\Github\assignment-2-talalahmad27\dataset2\shine206.jpg,shine
F:\Macquarie\Sem 1\Data Science\Github\assignment-2-talalahmad27\dataset2\sunrise346.jpg,sunrise
F:\Macquarie\Sem 1\Data Science\Github\assignment-2-talalahmad27\dataset2\cloudy254.jpg,cloudy
F:\Macquarie\Sem 1\Data Science\Github\assignment-2-talalahmad27\dataset2\sunrise228.jpg,sunrise
F:\Macquarie\Sem 1\Data Science\Github\assignment-2-talalahmad27\dataset2\sunrise336.jpg,sunrise
F:\Macquarie\Sem 1\Data Science\Github\assignment-2-talalahmad27\dataset2\sunrise15.jpg,sunrise
F:\Macquarie\Sem 1\Data Science\Github\assignment-2-talalahmad27\dataset2\cloudy16.jpg,cloudy
F:\Macquarie\Sem 1\Data Science\Github\assignment-2-talalahmad27\dataset2\shine132.jpg,shine
F:\Macquarie\Sem 1\Data Science\Github\assignment-2-talalahmad27\dataset2\cloudy194.jpg,cloudy
F:\Macquarie\Sem 1\Data Science\Github\assignment-2-talalahmad27\dataset2\sunrise285.jpg,sunrise
F:\Macquarie\Sem 1\Data Science\Github\assignment-2-talalahmad27\dataset2\sunrise269.jpg,sunrise
F:\Macquarie\Sem 1\Data Science\Github\assignment-2-talalahmad27\dataset2\shine121.jpg,shine
F:\Macquarie\Sem 1\Data Science\Github\assignment-2-talalahmad27\dataset2\sunrise187.jpg,sunrise
F:\Macquarie\Sem 1\Data Science\Github\assignment-2-talalahmad27\dataset2\sunrise58.jpg,sunrise
F:\Macquarie\Sem 1\Data Science\Github\assignment-2-talalahmad27\dataset2\sunrise180.jpg,sunrise
F:\Macquarie\Sem 1\Data Science\Github\assignment-2-talalahmad27\dataset2\cloudy208.jpg,cloudy
F:\Macquarie\Sem 1\Data Science\Github\assignment-2-talalahmad27\dataset2\cloudy50.jpg,cloudy
F:\Macquarie\Sem 1\Data Science\Github\assignment-2-talalahmad27\dataset2\shine161.jpg,shine
F:\Macquarie\Sem 1\Data Science\Github\assignment-2-talalahmad27\dataset2\cloudy45.jpg,cloudy
F:\Macquarie\Sem 1\Data Science\Github\assignment-2-talalahmad27\dataset2\cloudy155.jpg,cloudy
F:\Macquarie\Sem 1\Data Science\Github\assignment-2-talalahmad27\dataset2\sunrise310.jpg,sunrise
F:\Macquarie\Sem 1\Data Science\Github\assignment-2-talalahmad27\dataset2\cloudy110.jpg,cloudy
F:\Macquarie\Sem 1\Data Science\Github\assignment-2-talalahmad27\dataset2\sunrise191.jpg,sunrise
F:\Macquarie\Sem 1\Data Science\Github\assignment-2-talalahmad27\dataset2\cloudy268.jpg,cloudy
F:\Macquarie\Sem 1\Data Science\Github\assignment-2-talalahmad27\dataset2\sunrise258.jpg,sunrise
F:\Macquarie\Sem 1\Data Science\Github\assignment-2-talalahmad27\dataset2\cloudy200.jpg,cloudy
F:\Macquarie\Sem 1\Data Science\Github\assignment-2-talalahmad27\dataset2\shine144.jpg,shine
F:\Macquarie\Sem 1\Data Science\Github\assignment-2-talalahmad27\dataset2\shine230.jpg,shine
F:\Macquarie\Sem 1\Data Science\Github\assignment-2-talalahmad27\dataset2\rain112.jpg,rain
F:\Macquarie\Sem 1\Data Science\Github\assignment-2-talalahmad27\dataset2\rain188.jpg,rain
F:\Macquarie\Sem 1\Data Science\Github\assignment-2-talalahmad27\dataset2\sunrise256.jpg,sunrise
F:\Macquarie\Sem 1\Data Science\Github\assignment-2-talalahmad27\dataset2\cloudy10.jpg,cloudy
F:\Macquarie\Sem 1\Data Science\Github\assignment-2-talalahmad27\dataset2\cloudy98.jpg,cloudy
F:\Macquarie\Sem 1\Data Science\Github\assignment-2-talalahmad27\dataset2\rain139.jpg,rain
F:\Macquarie\Sem 1\Data Science\Github\assignment-2-talalahmad27\dataset2\cloudy228.jpg,cloudy
F:\Macquarie\Sem 1\Data Science\Github\assignment-2-talalahmad27\dataset2\shine86.jpg,shine
F:\Macquarie\Sem 1\Data Science\Github\assignment-2-talalahmad27\dataset2\sunrise179.jpg,sunrise
F:\Macquarie\Sem 1\Data Science\Github\assignment-2-talalahmad27\dataset2\cloudy216.jpg,cloudy
F:\Macquarie\Sem 1\Data Science\Github\assignment-2-talalahmad27\dataset2\rain179.jpg,rain
F:\Macquarie\Sem 1\Data Science\Github\assignment-2-talalahmad27\dataset2\rain5.jpg,rain
F:\Macquarie\Sem 1\Data Science\Github\assignment-2-talalahmad27\dataset2\cloudy257.jpg,cloudy
F:\Macquarie\Sem 1\Data Science\Github\assignment-2-talalahmad27\dataset2\sunrise268.jpg,sunrise
F:\Macquarie\Sem 1\Data Science\Github\assignment-2-talalahmad27\dataset2\cloudy36.jpg,cloudy
F:\Macquarie\Sem 1\Data Science\Github\assignment-2-talalahmad27\dataset2\sunrise204.jpg,sunrise
F:\Macquarie\Sem 1\Data Science\Github\assignment-2-talalahmad27\dataset2\cloudy221.jpg,cloudy
F:\Macquarie\Sem 1\Data Science\Github\assignment-2-talalahmad27\dataset2\shine9.jpg,shine
F:\Macquarie\Sem 1\Data Science\Github\assignment-2-talalahmad27\dataset2\cloudy239.jpg,cloudy
F:\Macquarie\Sem 1\Data Science\Github\assignment-2-talalahmad27\dataset2\rain206.jpg,rain
F:\Macquarie\Sem 1\Data Science\Github\assignment-2-talalahmad27\dataset2\rain207.jpg,rain
F:\Macquarie\Sem 1\Data Science\Github\assignment-2-talalahmad27\dataset2\rain69.jpg,rain
F:\Macquarie\Sem 1\Data Science\Github\assignment-2-talalahmad27\dataset2\shine61.jpg,shine
F:\Macquarie\Sem 1\Data Science\Github\assignment-2-talalahmad27\dataset2\sunrise32.jpg,sunrise
F:\Macquarie\Sem 1\Data Science\Github\assignment-2-talalahmad27\dataset2\rain181.jpg,rain
F:\Macquarie\Sem 1\Data Science\Github\assignment-2-talalahmad27\dataset2\shine57.jpg,shine
F:\Macquarie\Sem 1\Data Science\Github\assignment-2-talalahmad27\dataset2\shine208.jpg,shine
F:\Macquarie\Sem 1\Data Science\Github\assignment-2-talalahmad27\dataset2\cloudy117.jpg,cloudy
F:\Macquarie\Sem 1\Data Science\Github\assignment-2-talalahmad27\dataset2\rain83.jpg,rain
F:\Macquarie\Sem 1\Data Science\Github\assignment-2-talalahmad27\dataset2\shine220.jpg,shine
F:\Macquarie\Sem 1\Data Science\Github\assignment-2-talalahmad27\dataset2\sunrise132.jpg,sunrise
F:\Macquarie\Sem 1\Data Science\Github\assignment-2-talalahmad27\dataset2\shine187.jpg,shine
F:\Macquarie\Sem 1\Data Science\Github\assignment-2-talalahmad27\dataset2\sunrise188.jpg,sunrise
F:\Macquarie\Sem 1\Data Science\Github\assignment-2-talalahmad27\dataset2\shine221.jpg,shine
F:\Macquarie\Sem 1\Data Science\Github\assignment-2-talalahmad27\dataset2\rain145.jpg,rain
F:\Macquarie\Sem 1\Data Science\Github\assignment-2-talalahmad27\dataset2\sunrise315.jpg,sunrise
F:\Macquarie\Sem 1\Data Science\Github\assignment-2-talalahmad27\dataset2\sunrise62.jpg,sunrise
F:\Macquarie\Sem 1\Data Science\Github\assignment-2-talalahmad27\dataset2\sunrise80.jpg,sunrise
F:\Macquarie\Sem 1\Data Science\Github\assignment-2-talalahmad27\dataset2\cloudy188.jpg,cloudy
F:\Macquarie\Sem 1\Data Science\Github\assignment-2-talalahmad27\dataset2\shine100.jpg,shine
F:\Macquarie\Sem 1\Data Science\Github\assignment-2-talalahmad27\dataset2\rain92.jpg,rain
F:\Macquarie\Sem 1\Data Science\Github\assignment-2-talalahmad27\dataset2\sunrise355.jpg,sunrise
F:\Macquarie\Sem 1\Data Science\Github\assignment-2-talalahmad27\dataset2\sunrise40.jpg,sunrise
F:\Macquarie\Sem 1\Data Science\Github\assignment-2-talalahmad27\dataset2\rain57.jpg,rain
F:\Macquarie\Sem 1\Data Science\Github\assignment-2-talalahmad27\dataset2\shine54.jpg,shine
F:\Macquarie\Sem 1\Data Science\Github\assignment-2-talalahmad27\dataset2\cloudy180.jpg,cloudy
F:\Macquarie\Sem 1\Data Science\Github\assignment-2-talalahmad27\dataset2\sunrise302.jpg,sunrise
F:\Macquarie\Sem 1\Data Science\Github\assignment-2-talalahmad27\dataset2\cloudy134.jpg,cloudy
F:\Macquarie\Sem 1\Data Science\Github\assignment-2-talalahmad27\dataset2\shine179.jpg,shine
F:\Macquarie\Sem 1\Data Science\Github\assignment-2-talalahmad27\dataset2\sunrise243.jpg,sunrise
F:\Macquarie\Sem 1\Data Science\Github\assignment-2-talalahmad27\dataset2\rain160.jpg,rain
F:\Macquarie\Sem 1\Data Science\Github\assignment-2-talalahmad27\dataset2\cloudy15.jpg,cloudy
F:\Macquarie\Sem 1\Data Science\Github\assignment-2-talalahmad27\dataset2\sunrise215.jpg,sunrise
F:\Macquarie\Sem 1\Data Science\Github\assignment-2-talalahmad27\dataset2\sunrise277.jpg,sunrise
F:\Macquarie\Sem 1\Data Science\Github\assignment-2-talalahmad27\dataset2\rain97.jpg,rain
F:\Macquarie\Sem 1\Data Science\Github\assignment-2-talalahmad27\dataset2\rain176.jpg,rain
F:\Macquarie\Sem 1\Data Science\Github\assignment-2-talalahmad27\dataset2\cloudy156.jpg,cloudy
F:\Macquarie\Sem 1\Data Science\Github\assignment-2-talalahmad27\dataset2\sunrise221.jpg,sunrise
F:\Macquarie\Sem 1\Data Science\Github\assignment-2-talalahmad27\dataset2\rain109.jpg,rain
F:\Macquarie\Sem 1\Data Science\Github\assignment-2-talalahmad27\dataset2\sunrise311.jpg,sunrise
F:\Macquarie\Sem 1\Data Science\Github\assignment-2-talalahmad27\dataset2\sunrise261.jpg,sunrise
F:\Macquarie\Sem 1\Data Science\Github\assignment-2-talalahmad27\dataset2\shine213.jpg,shine
F:\Macquarie\Sem 1\Data Science\Github\assignment-2-talalahmad27\dataset2\shine104.jpg,shine
F:\Macquarie\Sem 1\Data Science\Github\assignment-2-talalahmad27\dataset2\rain127.jpg,rain
F:\Macquarie\Sem 1\Data Science\Github\assignment-2-talalahmad27\dataset2\rain120.jpg,rain
F:\Macquarie\Sem 1\Data Science\Github\assignment-2-talalahmad27\dataset2\sunrise219.jpg,sunrise
F:\Macquarie\Sem 1\Data Science\Github\assignment-2-talalahmad27\dataset2\rain147.jpg,rain
F:\Macquarie\Sem 1\Data Science\Github\assignment-2-talalahmad27\dataset2\sunrise235.jpg,sunrise
F:\Macquarie\Sem 1\Data Science\Github\assignment-2-talalahmad27\dataset2\cloudy108.jpg,cloudy
F:\Macquarie\Sem 1\Data Science\Github\assignment-2-talalahmad27\dataset2\rain196.jpg,rain
F:\Macquarie\Sem 1\Data Science\Github\assignment-2-talalahmad27\dataset2\cloudy226.jpg,cloudy
F:\Macquarie\Sem 1\Data Science\Github\assignment-2-talalahmad27\dataset2\cloudy152.jpg,cloudy
F:\Macquarie\Sem 1\Data Science\Github\assignment-2-talalahmad27\dataset2\shine22.jpg,shine
F:\Macquarie\Sem 1\Data Science\Github\assignment-2-talalahmad27\dataset2\sunrise168.jpg,sunrise
F:\Macquarie\Sem 1\Data Science\Github\assignment-2-talalahmad27\dataset2\rain88.jpg,rain
F:\Macquarie\Sem 1\Data Science\Github\assignment-2-talalahmad27\dataset2\sunrise69.jpg,sunrise
F:\Macquarie\Sem 1\Data Science\Github\assignment-2-talalahmad27\dataset2\cloudy212.jpg,cloudy
F:\Macquarie\Sem 1\Data Science\Github\assignment-2-talalahmad27\dataset2\rain43.jpg,rain
F:\Macquarie\Sem 1\Data Science\Github\assignment-2-talalahmad27\dataset2\rain72.jpg,rain
F:\Macquarie\Sem 1\Data Science\Github\assignment-2-talalahmad27\dataset2\shine36.jpg,shine
F:\Macquarie\Sem 1\Data Science\Github\assignment-2-talalahmad27\dataset2\sunrise301.jpg,sunrise
F:\Macquarie\Sem 1\Data Science\Github\assignment-2-talalahmad27\dataset2\sunrise122.jpg,sunrise
F:\Macquarie\Sem 1\Data Science\Github\assignment-2-talalahmad27\dataset2\shine172.jpg,shine
F:\Macquarie\Sem 1\Data Science\Github\assignment-2-talalahmad27\dataset2\sunrise303.jpg,sunrise
F:\Macquarie\Sem 1\Data Science\Github\assignment-2-talalahmad27\dataset2\sunrise104.jpg,sunrise
F:\Macquarie\Sem 1\Data Science\Github\assignment-2-talalahmad27\dataset2\sunrise195.jpg,sunrise
F:\Macquarie\Sem 1\Data Science\Github\assignment-2-talalahmad27\dataset2\shine229.jpg,shine
F:\Macquarie\Sem 1\Data Science\Github\assignment-2-talalahmad27\dataset2\sunrise197.jpg,sunrise
F:\Macquarie\Sem 1\Data Science\Github\assignment-2-talalahmad27\dataset2\sunrise39.jpg,sunrise
F:\Macquarie\Sem 1\Data Science\Github\assignment-2-talalahmad27\dataset2\sunrise29.jpg,sunrise
F:\Macquarie\Sem 1\Data Science\Github\assignment-2-talalahmad27\dataset2\sunrise266.jpg,sunrise
F:\Macquarie\Sem 1\Data Science\Github\assignment-2-talalahmad27\dataset2\cloudy34.jpg,cloudy
F:\Macquarie\Sem 1\Data Science\Github\assignment-2-talalahmad27\dataset2\sunrise153.jpg,sunrise
F:\Macquarie\Sem 1\Data Science\Github\assignment-2-talalahmad27\dataset2\rain152.jpg,rain
F:\Macquarie\Sem 1\Data Science\Github\assignment-2-talalahmad27\dataset2\rain48.jpg,rain
F:\Macquarie\Sem 1\Data Science\Github\assignment-2-talalahmad27\dataset2\rain96.jpg,rain
F:\Macquarie\Sem 1\Data Science\Github\assignment-2-talalahmad27\dataset2\cloudy172.jpg,cloudy
F:\Macquarie\Sem 1\Data Science\Github\assignment-2-talalahmad27\dataset2\cloudy8.jpg,cloudy
F:\Macquarie\Sem 1\Data Science\Github\assignment-2-talalahmad27\dataset2\sunrise354.jpg,sunrise
F:\Macquarie\Sem 1\Data Science\Github\assignment-2-talalahmad27\dataset2\shine93.jpg,shine
F:\Macquarie\Sem 1\Data Science\Github\assignment-2-talalahmad27\dataset2\shine130.jpg,shine
F:\Macquarie\Sem 1\Data Science\Github\assignment-2-talalahmad27\dataset2\cloudy300.jpg,cloudy
F:\Macquarie\Sem 1\Data Science\Github\assignment-2-talalahmad27\dataset2\shine142.jpg,shine
F:\Macquarie\Sem 1\Data Science\Github\assignment-2-talalahmad27\dataset2\shine131.jpg,shine
F:\Macquarie\Sem 1\Data Science\Github\assignment-2-talalahmad27\dataset2\shine149.jpg,shine
F:\Macquarie\Sem 1\Data Science\Github\assignment-2-talalahmad27\dataset2\rain61.jpg,rain
F:\Macquarie\Sem 1\Data Science\Github\assignment-2-talalahmad27\dataset2\cloudy148.jpg,cloudy
F:\Macquarie\Sem 1\Data Science\Github\assignment-2-talalahmad27\dataset2\cloudy127.jpg,cloudy
F:\Macquarie\Sem 1\Data Science\Github\assignment-2-talalahmad27\dataset2\rain35.jpg,rain
F:\Macquarie\Sem 1\Data Science\Github\assignment-2-talalahmad27\dataset2\cloudy66.jpg,cloudy
F:\Macquarie\Sem 1\Data Science\Github\assignment-2-talalahmad27\dataset2\shine193.jpg,shine
F:\Macquarie\Sem 1\Data Science\Github\assignment-2-talalahmad27\dataset2\cloudy185.jpg,cloudy
F:\Macquarie\Sem 1\Data Science\Github\assignment-2-talalahmad27\dataset2\cloudy84.jpg,cloudy
F:\Macquarie\Sem 1\Data Science\Github\assignment-2-talalahmad27\dataset2\sunrise248.jpg,sunrise
F:\Macquarie\Sem 1\Data Science\Github\assignment-2-talalahmad27\dataset2\rain100.jpg,rain
F:\Macquarie\Sem 1\Data Science\Github\assignment-2-talalahmad27\dataset2\sunrise262.jpg,sunrise
F:\Macquarie\Sem 1\Data Science\Github\assignment-2-talalahmad27\dataset2\sunrise63.jpg,sunrise
F:\Macquarie\Sem 1\Data Science\Github\assignment-2-talalahmad27\dataset2\shine42.jpg,shine
F:\Macquarie\Sem 1\Data Science\Github\assignment-2-talalahmad27\dataset2\cloudy171.jpg,cloudy
F:\Macquarie\Sem 1\Data Science\Github\assignment-2-talalahmad27\dataset2\rain65.jpg,rain
F:\Macquarie\Sem 1\Data Science\Github\assignment-2-talalahmad27\dataset2\rain143.jpg,rain
F:\Macquarie\Sem 1\Data Science\Github\assignment-2-talalahmad27\dataset2\sunrise205.jpg,sunrise
F:\Macquarie\Sem 1\Data Science\Github\assignment-2-talalahmad27\dataset2\shine196.jpg,shine
F:\Macquarie\Sem 1\Data Science\Github\assignment-2-talalahmad27\dataset2\cloudy40.jpg,cloudy
F:\Macquarie\Sem 1\Data Science\Github\assignment-2-talalahmad27\dataset2\cloudy206.jpg,cloudy
F:\Macquarie\Sem 1\Data Science\Github\assignment-2-talalahmad27\dataset2\rain215.jpg,rain
F:\Macquarie\Sem 1\Data Science\Github\assignment-2-talalahmad27\dataset2\rain75.jpg,rain
F:\Macquarie\Sem 1\Data Science\Github\assignment-2-talalahmad27\dataset2\cloudy203.jpg,cloudy
F:\Macquarie\Sem 1\Data Science\Github\assignment-2-talalahmad27\dataset2\shine49.jpg,shine
F:\Macquarie\Sem 1\Data Science\Github\assignment-2-talalahmad27\dataset2\sunrise82.jpg,sunrise
F:\Macquarie\Sem 1\Data Science\Github\assignment-2-talalahmad27\dataset2\cloudy267.jpg,cloudy
F:\Macquarie\Sem 1\Data Science\Github\assignment-2-talalahmad27\dataset2\rain212.jpg,rain
F:\Macquarie\Sem 1\Data Science\Github\assignment-2-talalahmad27\dataset2\rain211.jpg,rain
F:\Macquarie\Sem 1\Data Science\Github\assignment-2-talalahmad27\dataset2\sunrise247.jpg,sunrise
F:\Macquarie\Sem 1\Data Science\Github\assignment-2-talalahmad27\dataset2\shine126.jpg,shine
F:\Macquarie\Sem 1\Data Science\Github\assignment-2-talalahmad27\dataset2\shine13.jpg,shine
F:\Macquarie\Sem 1\Data Science\Github\assignment-2-talalahmad27\dataset2\cloudy93.jpg,cloudy
F:\Macquarie\Sem 1\Data Science\Github\assignment-2-talalahmad27\dataset2\cloudy113.jpg,cloudy
F:\Macquarie\Sem 1\Data Science\Github\assignment-2-talalahmad27\dataset2\sunrise186.jpg,sunrise
F:\Macquarie\Sem 1\Data Science\Github\assignment-2-talalahmad27\dataset2\sunrise134.jpg,sunrise
F:\Macquarie\Sem 1\Data Science\Github\assignment-2-talalahmad27\dataset2\rain10.jpg,rain
F:\Macquarie\Sem 1\Data Science\Github\assignment-2-talalahmad27\dataset2\cloudy105.jpg,cloudy
F:\Macquarie\Sem 1\Data Science\Github\assignment-2-talalahmad27\dataset2\cloudy251.jpg,cloudy
F:\Macquarie\Sem 1\Data Science\Github\assignment-2-talalahmad27\dataset2\shine56.jpg,shine
F:\Macquarie\Sem 1\Data Science\Github\assignment-2-talalahmad27\dataset2\sunrise37.jpg,sunrise
F:\Macquarie\Sem 1\Data Science\Github\assignment-2-talalahmad27\dataset2\rain191.jpg,rain
F:\Macquarie\Sem 1\Data Science\Github\assignment-2-talalahmad27\dataset2\shine97.jpg,shine
F:\Macquarie\Sem 1\Data Science\Github\assignment-2-talalahmad27\dataset2\shine82.jpg,shine
F:\Macquarie\Sem 1\Data Science\Github\assignment-2-talalahmad27\dataset2\shine127.jpg,shine
F:\Macquarie\Sem 1\Data Science\Github\assignment-2-talalahmad27\dataset2\sunrise113.jpg,sunrise
F:\Macquarie\Sem 1\Data Science\Github\assignment-2-talalahmad27\dataset2\shine143.jpg,shine
F:\Macquarie\Sem 1\Data Science\Github\assignment-2-talalahmad27\dataset2\rain118.jpg,rain
F:\Macquarie\Sem 1\Data Science\Github\assignment-2-talalahmad27\dataset2\rain140.jpg,rain
F:\Macquarie\Sem 1\Data Science\Github\assignment-2-talalahmad27\dataset2\cloudy101.jpg,cloudy
F:\Macquarie\Sem 1\Data Science\Github\assignment-2-talalahmad27\dataset2\rain95.jpg,rain
F:\Macquarie\Sem 1\Data Science\Github\assignment-2-talalahmad27\dataset2\sunrise295.jpg,sunrise
F:\Macquarie\Sem 1\Data Science\Github\assignment-2-talalahmad27\dataset2\shine20.jpg,shine
F:\Macquarie\Sem 1\Data Science\Github\assignment-2-talalahmad27\dataset2\sunrise75.jpg,sunrise
F:\Macquarie\Sem 1\Data Science\Github\assignment-2-talalahmad27\dataset2\shine125.jpg,shine
F:\Macquarie\Sem 1\Data Science\Github\assignment-2-talalahmad27\dataset2\cloudy103.jpg,cloudy
F:\Macquarie\Sem 1\Data Science\Github\assignment-2-talalahmad27\dataset2\cloudy130.jpg,cloudy
F:\Macquarie\Sem 1\Data Science\Github\assignment-2-talalahmad27\dataset2\sunrise105.jpg,sunrise
F:\Macquarie\Sem 1\Data Science\Github\assignment-2-talalahmad27\dataset2\sunrise2.jpg,sunrise
F:\Macquarie\Sem 1\Data Science\Github\assignment-2-talalahmad27\dataset2\cloudy142.jpg,cloudy
F:\Macquarie\Sem 1\Data Science\Github\assignment-2-talalahmad27\dataset2\shine102.jpg,shine
F:\Macquarie\Sem 1\Data Science\Github\assignment-2-talalahmad27\dataset2\rain31.jpg,rain
F:\Macquarie\Sem 1\Data Science\Github\assignment-2-talalahmad27\dataset2\shine225.jpg,shine
F:\Macquarie\Sem 1\Data Science\Github\assignment-2-talalahmad27\dataset2\sunrise293.jpg,sunrise
F:\Macquarie\Sem 1\Data Science\Github\assignment-2-talalahmad27\dataset2\sunrise142.jpg,sunrise
F:\Macquarie\Sem 1\Data Science\Github\assignment-2-talalahmad27\dataset2\sunrise119.jpg,sunrise
F:\Macquarie\Sem 1\Data Science\Github\assignment-2-talalahmad27\dataset2\sunrise163.jpg,sunrise
F:\Macquarie\Sem 1\Data Science\Github\assignment-2-talalahmad27\dataset2\shine141.jpg,shine
F:\Macquarie\Sem 1\Data Science\Github\assignment-2-talalahmad27\dataset2\rain126.jpg,rain
F:\Macquarie\Sem 1\Data Science\Github\assignment-2-talalahmad27\dataset2\cloudy69.jpg,cloudy
F:\Macquarie\Sem 1\Data Science\Github\assignment-2-talalahmad27\dataset2\cloudy192.jpg,cloudy
F:\Macquarie\Sem 1\Data Science\Github\assignment-2-talalahmad27\dataset2\sunrise20.jpg,sunrise
F:\Macquarie\Sem 1\Data Science\Github\assignment-2-talalahmad27\dataset2\sunrise120.jpg,sunrise
F:\Macquarie\Sem 1\Data Science\Github\assignment-2-talalahmad27\dataset2\cloudy243.jpg,cloudy
F:\Macquarie\Sem 1\Data Science\Github\assignment-2-talalahmad27\dataset2\sunrise237.jpg,sunrise
F:\Macquarie\Sem 1\Data Science\Github\assignment-2-talalahmad27\dataset2\rain178.jpg,rain
F:\Macquarie\Sem 1\Data Science\Github\assignment-2-talalahmad27\dataset2\shine128.jpg,shine
F:\Macquarie\Sem 1\Data Science\Github\assignment-2-talalahmad27\dataset2\rain52.jpg,rain
F:\Macquarie\Sem 1\Data Science\Github\assignment-2-talalahmad27\dataset2\sunrise333.jpg,sunrise
F:\Macquarie\Sem 1\Data Science\Github\assignment-2-talalahmad27\dataset2\sunrise98.jpg,sunrise
F:\Macquarie\Sem 1\Data Science\Github\assignment-2-talalahmad27\dataset2\sunrise33.jpg,sunrise
F:\Macquarie\Sem 1\Data Science\Github\assignment-2-talalahmad27\dataset2\sunrise170.jpg,sunrise
F:\Macquarie\Sem 1\Data Science\Github\assignment-2-talalahmad27\dataset2\sunrise319.jpg,sunrise
F:\Macquarie\Sem 1\Data Science\Github\assignment-2-talalahmad27\dataset2\sunrise48.jpg,sunrise
F:\Macquarie\Sem 1\Data Science\Github\assignment-2-talalahmad27\dataset2\shine195.jpg,shine
F:\Macquarie\Sem 1\Data Science\Github\assignment-2-talalahmad27\dataset2\shine105.jpg,shine
F:\Macquarie\Sem 1\Data Science\Github\assignment-2-talalahmad27\dataset2\sunrise18.jpg,sunrise
F:\Macquarie\Sem 1\Data Science\Github\assignment-2-talalahmad27\dataset2\rain159.jpg,rain
F:\Macquarie\Sem 1\Data Science\Github\assignment-2-talalahmad27\dataset2\shine158.jpg,shine
F:\Macquarie\Sem 1\Data Science\Github\assignment-2-talalahmad27\dataset2\sunrise213.jpg,sunrise
F:\Macquarie\Sem 1\Data Science\Github\assignment-2-talalahmad27\dataset2\rain125.jpg,rain
F:\Macquarie\Sem 1\Data Science\Github\assignment-2-talalahmad27\dataset2\sunrise241.jpg,sunrise
F:\Macquarie\Sem 1\Data Science\Github\assignment-2-talalahmad27\dataset2\cloudy78.jpg,cloudy
F:\Macquarie\Sem 1\Data Science\Github\assignment-2-talalahmad27\dataset2\shine90.jpg,shine
F:\Macquarie\Sem 1\Data Science\Github\assignment-2-talalahmad27\dataset2\rain82.jpg,rain
F:\Macquarie\Sem 1\Data Science\Github\assignment-2-talalahmad27\dataset2\shine251.jpg,shine
F:\Macquarie\Sem 1\Data Science\Github\assignment-2-talalahmad27\dataset2\shine173.jpg,shine
F:\Macquarie\Sem 1\Data Science\Github\assignment-2-talalahmad27\dataset2\sunrise272.jpg,sunrise
F:\Macquarie\Sem 1\Data Science\Github\assignment-2-talalahmad27\dataset2\cloudy270.jpg,cloudy
F:\Macquarie\Sem 1\Data Science\Github\assignment-2-talalahmad27\dataset2\cloudy20.jpg,cloudy
F:\Macquarie\Sem 1\Data Science\Github\assignment-2-talalahmad27\dataset2\cloudy252.jpg,cloudy
F:\Macquarie\Sem 1\Data Science\Github\assignment-2-talalahmad27\dataset2\rain15.jpg,rain
F:\Macquarie\Sem 1\Data Science\Github\assignment-2-talalahmad27\dataset2\sunrise291.jpg,sunrise
F:\Macquarie\Sem 1\Data Science\Github\assignment-2-talalahmad27\dataset2\sunrise236.jpg,sunrise
F:\Macquarie\Sem 1\Data Science\Github\assignment-2-talalahmad27\dataset2\cloudy256.jpg,cloudy
F:\Macquarie\Sem 1\Data Science\Github\assignment-2-talalahmad27\dataset2\shine224.jpg,shine
F:\Macquarie\Sem 1\Data Science\Github\assignment-2-talalahmad27\dataset2\cloudy72.jpg,cloudy
F:\Macquarie\Sem 1\Data Science\Github\assignment-2-talalahmad27\dataset2\shine190.jpg,shine
F:\Macquarie\Sem 1\Data Science\Github\assignment-2-talalahmad27\dataset2\rain62.jpg,rain
F:\Macquarie\Sem 1\Data Science\Github\assignment-2-talalahmad27\dataset2\shine19.jpg,shine
F:\Macquarie\Sem 1\Data Science\Github\assignment-2-talalahmad27\dataset2\sunrise226.jpg,sunrise
F:\Macquarie\Sem 1\Data Science\Github\assignment-2-talalahmad27\dataset2\sunrise321.jpg,sunrise
F:\Macquarie\Sem 1\Data Science\Github\assignment-2-talalahmad27\dataset2\rain144.jpg,rain
F:\Macquarie\Sem 1\Data Science\Github\assignment-2-talalahmad27\dataset2\rain149.jpg,rain
F:\Macquarie\Sem 1\Data Science\Github\assignment-2-talalahmad27\dataset2\sunrise93.jpg,sunrise
F:\Macquarie\Sem 1\Data Science\Github\assignment-2-talalahmad27\dataset2\cloudy147.jpg,cloudy
F:\Macquarie\Sem 1\Data Science\Github\assignment-2-talalahmad27\dataset2\shine116.jpg,shine
F:\Macquarie\Sem 1\Data Science\Github\assignment-2-talalahmad27\dataset2\sunrise342.jpg,sunrise
F:\Macquarie\Sem 1\Data Science\Github\assignment-2-talalahmad27\dataset2\sunrise338.jpg,sunrise
F:\Macquarie\Sem 1\Data Science\Github\assignment-2-talalahmad27\dataset2\sunrise156.jpg,sunrise
F:\Macquarie\Sem 1\Data Science\Github\assignment-2-talalahmad27\dataset2\sunrise106.jpg,sunrise
F:\Macquarie\Sem 1\Data Science\Github\assignment-2-talalahmad27\dataset2\rain209.jpg,rain
F:\Macquarie\Sem 1\Data Science\Github\assignment-2-talalahmad27\dataset2\rain102.jpg,rain
F:\Macquarie\Sem 1\Data Science\Github\assignment-2-talalahmad27\dataset2\sunrise286.jpg,sunrise
F:\Macquarie\Sem 1\Data Science\Github\assignment-2-talalahmad27\dataset2\sunrise330.jpg,sunrise
F:\Macquarie\Sem 1\Data Science\Github\assignment-2-talalahmad27\dataset2\rain114.jpg,rain
F:\Macquarie\Sem 1\Data Science\Github\assignment-2-talalahmad27\dataset2\rain106.jpg,rain
F:\Macquarie\Sem 1\Data Science\Github\assignment-2-talalahmad27\dataset2\cloudy153.jpg,cloudy
F:\Macquarie\Sem 1\Data Science\Github\assignment-2-talalahmad27\dataset2\cloudy173.jpg,cloudy
F:\Macquarie\Sem 1\Data Science\Github\assignment-2-talalahmad27\dataset2\sunrise185.jpg,sunrise
F:\Macquarie\Sem 1\Data Science\Github\assignment-2-talalahmad27\dataset2\shine242.jpg,shine
F:\Macquarie\Sem 1\Data Science\Github\assignment-2-talalahmad27\dataset2\sunrise55.jpg,sunrise
F:\Macquarie\Sem 1\Data Science\Github\assignment-2-talalahmad27\dataset2\shine235.jpg,shine
F:\Macquarie\Sem 1\Data Science\Github\assignment-2-talalahmad27\dataset2\cloudy63.jpg,cloudy
F:\Macquarie\Sem 1\Data Science\Github\assignment-2-talalahmad27\dataset2\shine55.jpg,shine
F:\Macquarie\Sem 1\Data Science\Github\assignment-2-talalahmad27\dataset2\cloudy282.jpg,cloudy
F:\Macquarie\Sem 1\Data Science\Github\assignment-2-talalahmad27\dataset2\shine1.jpg,shine
F:\Macquarie\Sem 1\Data Science\Github\assignment-2-talalahmad27\dataset2\sunrise56.jpg,sunrise
F:\Macquarie\Sem 1\Data Science\Github\assignment-2-talalahmad27\dataset2\sunrise101.jpg,sunrise
F:\Macquarie\Sem 1\Data Science\Github\assignment-2-talalahmad27\dataset2\sunrise7.jpg,sunrise
F:\Macquarie\Sem 1\Data Science\Github\assignment-2-talalahmad27\dataset2\cloudy95.jpg,cloudy
F:\Macquarie\Sem 1\Data Science\Github\assignment-2-talalahmad27\dataset2\shine211.jpg,shine
F:\Macquarie\Sem 1\Data Science\Github\assignment-2-talalahmad27\dataset2\cloudy21.jpg,cloudy
F:\Macquarie\Sem 1\Data Science\Github\assignment-2-talalahmad27\dataset2\shine103.jpg,shine
F:\Macquarie\Sem 1\Data Science\Github\assignment-2-talalahmad27\dataset2\rain29.jpg,rain
F:\Macquarie\Sem 1\Data Science\Github\assignment-2-talalahmad27\dataset2\shine39.jpg,shine
F:\Macquarie\Sem 1\Data Science\Github\assignment-2-talalahmad27\dataset2\shine237.jpg,shine
F:\Macquarie\Sem 1\Data Science\Github\assignment-2-talalahmad27\dataset2\sunrise162.jpg,sunrise
F:\Macquarie\Sem 1\Data Science\Github\assignment-2-talalahmad27\dataset2\sunrise273.jpg,sunrise
F:\Macquarie\Sem 1\Data Science\Github\assignment-2-talalahmad27\dataset2\cloudy140.jpg,cloudy
F:\Macquarie\Sem 1\Data Science\Github\assignment-2-talalahmad27\dataset2\sunrise281.jpg,sunrise
F:\Macquarie\Sem 1\Data Science\Github\assignment-2-talalahmad27\dataset2\rain119.jpg,rain
F:\Macquarie\Sem 1\Data Science\Github\assignment-2-talalahmad27\dataset2\cloudy157.jpg,cloudy
F:\Macquarie\Sem 1\Data Science\Github\assignment-2-talalahmad27\dataset2\cloudy284.jpg,cloudy
F:\Macquarie\Sem 1\Data Science\Github\assignment-2-talalahmad27\dataset2\shine72.jpg,shine
F:\Macquarie\Sem 1\Data Science\Github\assignment-2-talalahmad27\dataset2\rain40.jpg,rain
F:\Macquarie\Sem 1\Data Science\Github\assignment-2-talalahmad27\dataset2\cloudy97.jpg,cloudy
F:\Macquarie\Sem 1\Data Science\Github\assignment-2-talalahmad27\dataset2\cloudy107.jpg,cloudy
F:\Macquarie\Sem 1\Data Science\Github\assignment-2-talalahmad27\dataset2\cloudy126.jpg,cloudy
F:\Macquarie\Sem 1\Data Science\Github\assignment-2-talalahmad27\dataset2\cloudy6.jpg,cloudy
F:\Macquarie\Sem 1\Data Science\Github\assignment-2-talalahmad27\dataset2\shine222.jpg,shine
F:\Macquarie\Sem 1\Data Science\Github\assignment-2-talalahmad27\dataset2\sunrise43.jpg,sunrise
F:\Macquarie\Sem 1\Data Science\Github\assignment-2-talalahmad27\dataset2\cloudy266.jpg,cloudy
F:\Macquarie\Sem 1\Data Science\Github\assignment-2-talalahmad27\dataset2\cloudy28.jpg,cloudy
F:\Macquarie\Sem 1\Data Science\Github\assignment-2-talalahmad27\dataset2\cloudy264.jpg,cloudy
F:\Macquarie\Sem 1\Data Science\Github\assignment-2-talalahmad27\dataset2\cloudy144.jpg,cloudy
F:\Macquarie\Sem 1\Data Science\Github\assignment-2-talalahmad27\dataset2\sunrise316.jpg,sunrise
F:\Macquarie\Sem 1\Data Science\Github\assignment-2-talalahmad27\dataset2\rain133.jpg,rain
F:\Macquarie\Sem 1\Data Science\Github\assignment-2-talalahmad27\dataset2\cloudy39.jpg,cloudy
F:\Macquarie\Sem 1\Data Science\Github\assignment-2-talalahmad27\dataset2\sunrise77.jpg,sunrise
F:\Macquarie\Sem 1\Data Science\Github\assignment-2-talalahmad27\dataset2\cloudy247.jpg,cloudy
F:\Macquarie\Sem 1\Data Science\Github\assignment-2-talalahmad27\dataset2\cloudy57.jpg,cloudy
F:\Macquarie\Sem 1\Data Science\Github\assignment-2-talalahmad27\dataset2\rain105.jpg,rain
F:\Macquarie\Sem 1\Data Science\Github\assignment-2-talalahmad27\dataset2\sunrise136.jpg,sunrise
F:\Macquarie\Sem 1\Data Science\Github\assignment-2-talalahmad27\dataset2\cloudy60.jpg,cloudy
F:\Macquarie\Sem 1\Data Science\Github\assignment-2-talalahmad27\dataset2\shine223.jpg,shine
F:\Macquarie\Sem 1\Data Science\Github\assignment-2-talalahmad27\dataset2\cloudy11.jpg,cloudy
F:\Macquarie\Sem 1\Data Science\Github\assignment-2-talalahmad27\dataset2\rain89.jpg,rain
F:\Macquarie\Sem 1\Data Science\Github\assignment-2-talalahmad27\dataset2\cloudy269.jpg,cloudy
F:\Macquarie\Sem 1\Data Science\Github\assignment-2-talalahmad27\dataset2\sunrise218.jpg,sunrise
F:\Macquarie\Sem 1\Data Science\Github\assignment-2-talalahmad27\dataset2\shine210.jpg,shine
F:\Macquarie\Sem 1\Data Science\Github\assignment-2-talalahmad27\dataset2\cloudy204.jpg,cloudy
F:\Macquarie\Sem 1\Data Science\Github\assignment-2-talalahmad27\dataset2\sunrise145.jpg,sunrise
F:\Macquarie\Sem 1\Data Science\Github\assignment-2-talalahmad27\dataset2\cloudy64.jpg,cloudy
F:\Macquarie\Sem 1\Data Science\Github\assignment-2-talalahmad27\dataset2\rain27.jpg,rain
F:\Macquarie\Sem 1\Data Science\Github\assignment-2-talalahmad27\dataset2\shine122.jpg,shine
F:\Macquarie\Sem 1\Data Science\Github\assignment-2-talalahmad27\dataset2\shine120.jpg,shine
F:\Macquarie\Sem 1\Data Science\Github\assignment-2-talalahmad27\dataset2\cloudy109.jpg,cloudy
F:\Macquarie\Sem 1\Data Science\Github\assignment-2-talalahmad27\dataset2\shine227.jpg,shine
F:\Macquarie\Sem 1\Data Science\Github\assignment-2-talalahmad27\dataset2\rain193.jpg,rain
F:\Macquarie\Sem 1\Data Science\Github\assignment-2-talalahmad27\dataset2\cloudy186.jpg,cloudy
F:\Macquarie\Sem 1\Data Science\Github\assignment-2-talalahmad27\dataset2\shine176.jpg,shine
F:\Macquarie\Sem 1\Data Science\Github\assignment-2-talalahmad27\dataset2\shine199.jpg,shine
F:\Macquarie\Sem 1\Data Science\Github\assignment-2-talalahmad27\dataset2\sunrise10.jpg,sunrise
F:\Macquarie\Sem 1\Data Science\Github\assignment-2-talalahmad27\dataset2\sunrise117.jpg,sunrise
F:\Macquarie\Sem 1\Data Science\Github\assignment-2-talalahmad27\dataset2\rain25.jpg,rain
F:\Macquarie\Sem 1\Data Science\Github\assignment-2-talalahmad27\dataset2\shine51.jpg,shine
F:\Macquarie\Sem 1\Data Science\Github\assignment-2-talalahmad27\dataset2\cloudy272.jpg,cloudy
F:\Macquarie\Sem 1\Data Science\Github\assignment-2-talalahmad27\dataset2\sunrise171.jpg,sunrise
F:\Macquarie\Sem 1\Data Science\Github\assignment-2-talalahmad27\dataset2\rain23.jpg,rain
F:\Macquarie\Sem 1\Data Science\Github\assignment-2-talalahmad27\dataset2\cloudy55.jpg,cloudy
F:\Macquarie\Sem 1\Data Science\Github\assignment-2-talalahmad27\dataset2\rain60.jpg,rain
F:\Macquarie\Sem 1\Data Science\Github\assignment-2-talalahmad27\dataset2\cloudy283.jpg,cloudy
F:\Macquarie\Sem 1\Data Science\Github\assignment-2-talalahmad27\dataset2\cloudy100.jpg,cloudy
F:\Macquarie\Sem 1\Data Science\Github\assignment-2-talalahmad27\dataset2\rain121.jpg,rain
F:\Macquarie\Sem 1\Data Science\Github\assignment-2-talalahmad27\dataset2\cloudy197.jpg,cloudy
F:\Macquarie\Sem 1\Data Science\Github\assignment-2-talalahmad27\dataset2\rain45.jpg,rain
F:\Macquarie\Sem 1\Data Science\Github\assignment-2-talalahmad27\dataset2\cloudy246.jpg,cloudy
F:\Macquarie\Sem 1\Data Science\Github\assignment-2-talalahmad27\dataset2\cloudy76.jpg,cloudy
F:\Macquarie\Sem 1\Data Science\Github\assignment-2-talalahmad27\dataset2\sunrise265.jpg,sunrise
F:\Macquarie\Sem 1\Data Science\Github\assignment-2-talalahmad27\dataset2\sunrise278.jpg,sunrise
F:\Macquarie\Sem 1\Data Science\Github\assignment-2-talalahmad27\dataset2\cloudy111.jpg,cloudy
F:\Macquarie\Sem 1\Data Science\Github\assignment-2-talalahmad27\dataset2\cloudy70.jpg,cloudy
F:\Macquarie\Sem 1\Data Science\Github\assignment-2-talalahmad27\dataset2\shine245.jpg,shine
F:\Macquarie\Sem 1\Data Science\Github\assignment-2-talalahmad27\dataset2\rain124.jpg,rain
F:\Macquarie\Sem 1\Data Science\Github\assignment-2-talalahmad27\dataset2\cloudy177.jpg,cloudy
F:\Macquarie\Sem 1\Data Science\Github\assignment-2-talalahmad27\dataset2\cloudy211.jpg,cloudy
F:\Macquarie\Sem 1\Data Science\Github\assignment-2-talalahmad27\dataset2\shine35.jpg,shine
F:\Macquarie\Sem 1\Data Science\Github\assignment-2-talalahmad27\dataset2\sunrise100.jpg,sunrise
F:\Macquarie\Sem 1\Data Science\Github\assignment-2-talalahmad27\dataset2\cloudy289.jpg,cloudy
F:\Macquarie\Sem 1\Data Science\Github\assignment-2-talalahmad27\dataset2\sunrise184.jpg,sunrise
F:\Macquarie\Sem 1\Data Science\Github\assignment-2-talalahmad27\dataset2\sunrise42.jpg,sunrise
F:\Macquarie\Sem 1\Data Science\Github\assignment-2-talalahmad27\dataset2\cloudy278.jpg,cloudy
F:\Macquarie\Sem 1\Data Science\Github\assignment-2-talalahmad27\dataset2\shine110.jpg,shine
F:\Macquarie\Sem 1\Data Science\Github\assignment-2-talalahmad27\dataset2\sunrise85.jpg,sunrise
F:\Macquarie\Sem 1\Data Science\Github\assignment-2-talalahmad27\dataset2\sunrise79.jpg,sunrise
F:\Macquarie\Sem 1\Data Science\Github\assignment-2-talalahmad27\dataset2\shine202.jpg,shine
F:\Macquarie\Sem 1\Data Science\Github\assignment-2-talalahmad27\dataset2\shine40.jpg,shine
F:\Macquarie\Sem 1\Data Science\Github\assignment-2-talalahmad27\dataset2\shine157.jpg,shine
F:\Macquarie\Sem 1\Data Science\Github\assignment-2-talalahmad27\dataset2\sunrise177.jpg,sunrise
F:\Macquarie\Sem 1\Data Science\Github\assignment-2-talalahmad27\dataset2\sunrise183.jpg,sunrise
F:\Macquarie\Sem 1\Data Science\Github\assignment-2-talalahmad27\dataset2\sunrise309.jpg,sunrise
F:\Macquarie\Sem 1\Data Science\Github\assignment-2-talalahmad27\dataset2\shine160.jpg,shine
F:\Macquarie\Sem 1\Data Science\Github\assignment-2-talalahmad27\dataset2\sunrise67.jpg,sunrise
F:\Macquarie\Sem 1\Data Science\Github\assignment-2-talalahmad27\dataset2\sunrise287.jpg,sunrise
F:\Macquarie\Sem 1\Data Science\Github\assignment-2-talalahmad27\dataset2\shine214.jpg,shine
F:\Macquarie\Sem 1\Data Science\Github\assignment-2-talalahmad27\dataset2\cloudy262.jpg,cloudy
F:\Macquarie\Sem 1\Data Science\Github\assignment-2-talalahmad27\dataset2\sunrise127.jpg,sunrise
F:\Macquarie\Sem 1\Data Science\Github\assignment-2-talalahmad27\dataset2\shine14.jpg,shine
F:\Macquarie\Sem 1\Data Science\Github\assignment-2-talalahmad27\dataset2\rain123.jpg,rain
F:\Macquarie\Sem 1\Data Science\Github\assignment-2-talalahmad27\dataset2\shine219.jpg,shine
F:\Macquarie\Sem 1\Data Science\Github\assignment-2-talalahmad27\dataset2\cloudy230.jpg,cloudy
F:\Macquarie\Sem 1\Data Science\Github\assignment-2-talalahmad27\dataset2\sunrise83.jpg,sunrise
F:\Macquarie\Sem 1\Data Science\Github\assignment-2-talalahmad27\dataset2\cloudy183.jpg,cloudy
F:\Macquarie\Sem 1\Data Science\Github\assignment-2-talalahmad27\dataset2\cloudy3.jpg,cloudy
F:\Macquarie\Sem 1\Data Science\Github\assignment-2-talalahmad27\dataset2\rain171.jpg,rain
F:\Macquarie\Sem 1\Data Science\Github\assignment-2-talalahmad27\dataset2\cloudy210.jpg,cloudy
F:\Macquarie\Sem 1\Data Science\Github\assignment-2-talalahmad27\dataset2\rain195.jpg,rain
F:\Macquarie\Sem 1\Data Science\Github\assignment-2-talalahmad27\dataset2\cloudy81.jpg,cloudy
F:\Macquarie\Sem 1\Data Science\Github\assignment-2-talalahmad27\dataset2\cloudy124.jpg,cloudy
F:\Macquarie\Sem 1\Data Science\Github\assignment-2-talalahmad27\dataset2\cloudy182.jpg,cloudy
F:\Macquarie\Sem 1\Data Science\Github\assignment-2-talalahmad27\dataset2\cloudy89.jpg,cloudy
F:\Macquarie\Sem 1\Data Science\Github\assignment-2-talalahmad27\dataset2\shine26.jpg,shine
F:\Macquarie\Sem 1\Data Science\Github\assignment-2-talalahmad27\dataset2\sunrise108.jpg,sunrise
F:\Macquarie\Sem 1\Data Science\Github\assignment-2-talalahmad27\dataset2\shine159.jpg,shine
F:\Macquarie\Sem 1\Data Science\Github\assignment-2-talalahmad27\dataset2\shine170.jpg,shine
F:\Macquarie\Sem 1\Data Science\Github\assignment-2-talalahmad27\dataset2\rain94.jpg,rain
F:\Macquarie\Sem 1\Data Science\Github\assignment-2-talalahmad27\dataset2\shine163.jpg,shine
F:\Macquarie\Sem 1\Data Science\Github\assignment-2-talalahmad27\dataset2\shine231.jpg,shine
F:\Macquarie\Sem 1\Data Science\Github\assignment-2-talalahmad27\dataset2\sunrise299.jpg,sunrise
F:\Macquarie\Sem 1\Data Science\Github\assignment-2-talalahmad27\dataset2\cloudy170.jpg,cloudy
F:\Macquarie\Sem 1\Data Science\Github\assignment-2-talalahmad27\dataset2\cloudy47.jpg,cloudy
F:\Macquarie\Sem 1\Data Science\Github\assignment-2-talalahmad27\dataset2\rain156.jpg,rain
F:\Macquarie\Sem 1\Data Science\Github\assignment-2-talalahmad27\dataset2\shine18.jpg,shine
F:\Macquarie\Sem 1\Data Science\Github\assignment-2-talalahmad27\dataset2\shine64.jpg,shine
F:\Macquarie\Sem 1\Data Science\Github\assignment-2-talalahmad27\dataset2\rain202.jpg,rain
F:\Macquarie\Sem 1\Data Science\Github\assignment-2-talalahmad27\dataset2\shine153.jpg,shine
F:\Macquarie\Sem 1\Data Science\Github\assignment-2-talalahmad27\dataset2\cloudy42.jpg,cloudy
F:\Macquarie\Sem 1\Data Science\Github\assignment-2-talalahmad27\dataset2\sunrise71.jpg,sunrise
F:\Macquarie\Sem 1\Data Science\Github\assignment-2-talalahmad27\dataset2\sunrise47.jpg,sunrise
F:\Macquarie\Sem 1\Data Science\Github\assignment-2-talalahmad27\dataset2\sunrise198.jpg,sunrise
F:\Macquarie\Sem 1\Data Science\Github\assignment-2-talalahmad27\dataset2\sunrise139.jpg,sunrise
F:\Macquarie\Sem 1\Data Science\Github\assignment-2-talalahmad27\dataset2\sunrise154.jpg,sunrise
F:\Macquarie\Sem 1\Data Science\Github\assignment-2-talalahmad27\dataset2\cloudy205.jpg,cloudy
F:\Macquarie\Sem 1\Data Science\Github\assignment-2-talalahmad27\dataset2\rain141.jpg,rain
F:\Macquarie\Sem 1\Data Science\Github\assignment-2-talalahmad27\dataset2\shine123.jpg,shine
F:\Macquarie\Sem 1\Data Science\Github\assignment-2-talalahmad27\dataset2\cloudy260.jpg,cloudy
F:\Macquarie\Sem 1\Data Science\Github\assignment-2-talalahmad27\dataset2\sunrise347.jpg,sunrise
F:\Macquarie\Sem 1\Data Science\Github\assignment-2-talalahmad27\dataset2\cloudy65.jpg,cloudy
F:\Macquarie\Sem 1\Data Science\Github\assignment-2-talalahmad27\dataset2\sunrise65.jpg,sunrise
F:\Macquarie\Sem 1\Data Science\Github\assignment-2-talalahmad27\dataset2\shine65.jpg,shine
F:\Macquarie\Sem 1\Data Science\Github\assignment-2-talalahmad27\dataset2\shine112.jpg,shine
F:\Macquarie\Sem 1\Data Science\Github\assignment-2-talalahmad27\dataset2\rain36.jpg,rain
F:\Macquarie\Sem 1\Data Science\Github\assignment-2-talalahmad27\dataset2\rain108.jpg,rain
F:\Macquarie\Sem 1\Data Science\Github\assignment-2-talalahmad27\dataset2\cloudy30.jpg,cloudy
F:\Macquarie\Sem 1\Data Science\Github\assignment-2-talalahmad27\dataset2\cloudy118.jpg,cloudy
F:\Macquarie\Sem 1\Data Science\Github\assignment-2-talalahmad27\dataset2\shine58.jpg,shine
F:\Macquarie\Sem 1\Data Science\Github\assignment-2-talalahmad27\dataset2\cloudy83.jpg,cloudy
F:\Macquarie\Sem 1\Data Science\Github\assignment-2-talalahmad27\dataset2\sunrise150.jpg,sunrise
F:\Macquarie\Sem 1\Data Science\Github\assignment-2-talalahmad27\dataset2\shine218.jpg,shine
F:\Macquarie\Sem 1\Data Science\Github\assignment-2-talalahmad27\dataset2\cloudy132.jpg,cloudy
F:\Macquarie\Sem 1\Data Science\Github\assignment-2-talalahmad27\dataset2\sunrise227.jpg,sunrise
F:\Macquarie\Sem 1\Data Science\Github\assignment-2-talalahmad27\dataset2\sunrise208.jpg,sunrise
F:\Macquarie\Sem 1\Data Science\Github\assignment-2-talalahmad27\dataset2\sunrise214.jpg,sunrise
F:\Macquarie\Sem 1\Data Science\Github\assignment-2-talalahmad27\dataset2\shine69.jpg,shine
F:\Macquarie\Sem 1\Data Science\Github\assignment-2-talalahmad27\dataset2\cloudy22.jpg,cloudy
F:\Macquarie\Sem 1\Data Science\Github\assignment-2-talalahmad27\dataset2\shine252.jpg,shine
F:\Macquarie\Sem 1\Data Science\Github\assignment-2-talalahmad27\dataset2\sunrise3.jpg,sunrise
F:\Macquarie\Sem 1\Data Science\Github\assignment-2-talalahmad27\dataset2\cloudy59.jpg,cloudy
F:\Macquarie\Sem 1\Data Science\Github\assignment-2-talalahmad27\dataset2\sunrise353.jpg,sunrise
F:\Macquarie\Sem 1\Data Science\Github\assignment-2-talalahmad27\dataset2\rain50.jpg,rain
F:\Macquarie\Sem 1\Data Science\Github\assignment-2-talalahmad27\dataset2\cloudy116.jpg,cloudy
F:\Macquarie\Sem 1\Data Science\Github\assignment-2-talalahmad27\dataset2\sunrise335.jpg,sunrise
F:\Macquarie\Sem 1\Data Science\Github\assignment-2-talalahmad27\dataset2\shine94.jpg,shine
F:\Macquarie\Sem 1\Data Science\Github\assignment-2-talalahmad27\dataset2\rain161.jpg,rain
F:\Macquarie\Sem 1\Data Science\Github\assignment-2-talalahmad27\dataset2\rain67.jpg,rain
F:\Macquarie\Sem 1\Data Science\Github\assignment-2-talalahmad27\dataset2\cloudy77.jpg,cloudy
F:\Macquarie\Sem 1\Data Science\Github\assignment-2-talalahmad27\dataset2\rain51.jpg,rain
F:\Macquarie\Sem 1\Data Science\Github\assignment-2-talalahmad27\dataset2\shine53.jpg,shine
F:\Macquarie\Sem 1\Data Science\Github\assignment-2-talalahmad27\dataset2\sunrise159.jpg,sunrise
F:\Macquarie\Sem 1\Data Science\Github\assignment-2-talalahmad27\dataset2\cloudy48.jpg,cloudy
F:\Macquarie\Sem 1\Data Science\Github\assignment-2-talalahmad27\dataset2\shine217.jpg,shine
F:\Macquarie\Sem 1\Data Science\Github\assignment-2-talalahmad27\dataset2\shine17.jpg,shine
F:\Macquarie\Sem 1\Data Science\Github\assignment-2-talalahmad27\dataset2\sunrise339.jpg,sunrise
F:\Macquarie\Sem 1\Data Science\Github\assignment-2-talalahmad27\dataset2\sunrise130.jpg,sunrise
F:\Macquarie\Sem 1\Data Science\Github\assignment-2-talalahmad27\dataset2\sunrise114.jpg,sunrise
F:\Macquarie\Sem 1\Data Science\Github\assignment-2-talalahmad27\dataset2\sunrise181.jpg,sunrise
F:\Macquarie\Sem 1\Data Science\Github\assignment-2-talalahmad27\dataset2\sunrise223.jpg,sunrise
F:\Macquarie\Sem 1\Data Science\Github\assignment-2-talalahmad27\dataset2\shine114.jpg,shine
F:\Macquarie\Sem 1\Data Science\Github\assignment-2-talalahmad27\dataset2\shine147.jpg,shine
F:\Macquarie\Sem 1\Data Science\Github\assignment-2-talalahmad27\dataset2\sunrise59.jpg,sunrise
F:\Macquarie\Sem 1\Data Science\Github\assignment-2-talalahmad27\dataset2\shine96.jpg,shine
F:\Macquarie\Sem 1\Data Science\Github\assignment-2-talalahmad27\dataset2\shine37.jpg,shine
F:\Macquarie\Sem 1\Data Science\Github\assignment-2-talalahmad27\dataset2\shine68.jpg,shine
F:\Macquarie\Sem 1\Data Science\Github\assignment-2-talalahmad27\dataset2\cloudy123.jpg,cloudy
F:\Macquarie\Sem 1\Data Science\Github\assignment-2-talalahmad27\dataset2\sunrise19.jpg,sunrise
F:\Macquarie\Sem 1\Data Science\Github\assignment-2-talalahmad27\dataset2\sunrise320.jpg,sunrise
F:\Macquarie\Sem 1\Data Science\Github\assignment-2-talalahmad27\dataset2\cloudy53.jpg,cloudy
F:\Macquarie\Sem 1\Data Science\Github\assignment-2-talalahmad27\dataset2\sunrise344.jpg,sunrise
F:\Macquarie\Sem 1\Data Science\Github\assignment-2-talalahmad27\dataset2\shine198.jpg,shine
F:\Macquarie\Sem 1\Data Science\Github\assignment-2-talalahmad27\dataset2\rain198.jpg,rain
F:\Macquarie\Sem 1\Data Science\Github\assignment-2-talalahmad27\dataset2\rain54.jpg,rain
F:\Macquarie\Sem 1\Data Science\Github\assignment-2-talalahmad27\dataset2\cloudy9.jpg,cloudy
F:\Macquarie\Sem 1\Data Science\Github\assignment-2-talalahmad27\dataset2\sunrise111.jpg,sunrise
F:\Macquarie\Sem 1\Data Science\Github\assignment-2-talalahmad27\dataset2\shine188.jpg,shine
F:\Macquarie\Sem 1\Data Science\Github\assignment-2-talalahmad27\dataset2\cloudy162.jpg,cloudy
F:\Macquarie\Sem 1\Data Science\Github\assignment-2-talalahmad27\dataset2\cloudy13.jpg,cloudy
F:\Macquarie\Sem 1\Data Science\Github\assignment-2-talalahmad27\dataset2\cloudy129.jpg,cloudy
F:\Macquarie\Sem 1\Data Science\Github\assignment-2-talalahmad27\dataset2\sunrise239.jpg,sunrise
F:\Macquarie\Sem 1\Data Science\Github\assignment-2-talalahmad27\dataset2\cloudy231.jpg,cloudy
F:\Macquarie\Sem 1\Data Science\Github\assignment-2-talalahmad27\dataset2\cloudy91.jpg,cloudy
F:\Macquarie\Sem 1\Data Science\Github\assignment-2-talalahmad27\dataset2\rain71.jpg,rain
F:\Macquarie\Sem 1\Data Science\Github\assignment-2-talalahmad27\dataset2\rain175.jpg,rain
F:\Macquarie\Sem 1\Data Science\Github\assignment-2-talalahmad27\dataset2\sunrise116.jpg,sunrise
F:\Macquarie\Sem 1\Data Science\Github\assignment-2-talalahmad27\dataset2\rain9.jpg,rain
F:\Macquarie\Sem 1\Data Science\Github\assignment-2-talalahmad27\dataset2\shine135.jpg,shine
F:\Macquarie\Sem 1\Data Science\Github\assignment-2-talalahmad27\dataset2\shine119.jpg,shine
F:\Macquarie\Sem 1\Data Science\Github\assignment-2-talalahmad27\dataset2\rain115.jpg,rain
F:\Macquarie\Sem 1\Data Science\Github\assignment-2-talalahmad27\dataset2\shine244.jpg,shine
F:\Macquarie\Sem 1\Data Science\Github\assignment-2-talalahmad27\dataset2\shine234.jpg,shine
F:\Macquarie\Sem 1\Data Science\Github\assignment-2-talalahmad27\dataset2\shine192.jpg,shine
F:\Macquarie\Sem 1\Data Science\Github\assignment-2-talalahmad27\dataset2\rain17.jpg,rain
F:\Macquarie\Sem 1\Data Science\Github\assignment-2-talalahmad27\dataset2\cloudy175.jpg,cloudy
F:\Macquarie\Sem 1\Data Science\Github\assignment-2-talalahmad27\dataset2\shine83.jpg,shine
F:\Macquarie\Sem 1\Data Science\Github\assignment-2-talalahmad27\dataset2\sunrise84.jpg,sunrise
F:\Macquarie\Sem 1\Data Science\Github\assignment-2-talalahmad27\dataset2\sunrise115.jpg,sunrise
F:\Macquarie\Sem 1\Data Science\Github\assignment-2-talalahmad27\dataset2\sunrise340.jpg,sunrise
F:\Macquarie\Sem 1\Data Science\Github\assignment-2-talalahmad27\dataset2\rain85.jpg,rain
F:\Macquarie\Sem 1\Data Science\Github\assignment-2-talalahmad27\dataset2\shine184.jpg,shine
F:\Macquarie\Sem 1\Data Science\Github\assignment-2-talalahmad27\dataset2\cloudy290.jpg,cloudy
F:\Macquarie\Sem 1\Data Science\Github\assignment-2-talalahmad27\dataset2\cloudy67.jpg,cloudy
F:\Macquarie\Sem 1\Data Science\Github\assignment-2-talalahmad27\dataset2\rain157.jpg,rain
F:\Macquarie\Sem 1\Data Science\Github\assignment-2-talalahmad27\dataset2\cloudy281.jpg,cloudy
F:\Macquarie\Sem 1\Data Science\Github\assignment-2-talalahmad27\dataset2\rain74.jpg,rain
F:\Macquarie\Sem 1\Data Science\Github\assignment-2-talalahmad27\dataset2\cloudy165.jpg,cloudy
F:\Macquarie\Sem 1\Data Science\Github\assignment-2-talalahmad27\dataset2\cloudy236.jpg,cloudy
F:\Macquarie\Sem 1\Data Science\Github\assignment-2-talalahmad27\dataset2\rain130.jpg,rain
F:\Macquarie\Sem 1\Data Science\Github\assignment-2-talalahmad27\dataset2\sunrise147.jpg,sunrise
F:\Macquarie\Sem 1\Data Science\Github\assignment-2-talalahmad27\dataset2\shine28.jpg,shine
F:\Macquarie\Sem 1\Data Science\Github\assignment-2-talalahmad27\dataset2\sunrise276.jpg,sunrise
F:\Macquarie\Sem 1\Data Science\Github\assignment-2-talalahmad27\dataset2\shine47.jpg,shine
F:\Macquarie\Sem 1\Data Science\Github\assignment-2-talalahmad27\dataset2\cloudy244.jpg,cloudy
F:\Macquarie\Sem 1\Data Science\Github\assignment-2-talalahmad27\dataset2\shine2.jpg,shine
F:\Macquarie\Sem 1\Data Science\Github\assignment-2-talalahmad27\dataset2\sunrise8.jpg,sunrise
F:\Macquarie\Sem 1\Data Science\Github\assignment-2-talalahmad27\dataset2\shine6.jpg,shine
F:\Macquarie\Sem 1\Data Science\Github\assignment-2-talalahmad27\dataset2\rain2.jpg,rain
F:\Macquarie\Sem 1\Data Science\Github\assignment-2-talalahmad27\dataset2\sunrise209.jpg,sunrise
F:\Macquarie\Sem 1\Data Science\Github\assignment-2-talalahmad27\dataset2\shine238.jpg,shine
F:\Macquarie\Sem 1\Data Science\Github\assignment-2-talalahmad27\dataset2\cloudy102.jpg,cloudy
F:\Macquarie\Sem 1\Data Science\Github\assignment-2-talalahmad27\dataset2\rain183.jpg,rain
F:\Macquarie\Sem 1\Data Science\Github\assignment-2-talalahmad27\dataset2\cloudy276.jpg,cloudy
F:\Macquarie\Sem 1\Data Science\Github\assignment-2-talalahmad27\dataset2\sunrise203.jpg,sunrise
F:\Macquarie\Sem 1\Data Science\Github\assignment-2-talalahmad27\dataset2\sunrise22.jpg,sunrise
F:\Macquarie\Sem 1\Data Science\Github\assignment-2-talalahmad27\dataset2\cloudy233.jpg,cloudy
F:\Macquarie\Sem 1\Data Science\Github\assignment-2-talalahmad27\dataset2\rain151.jpg,rain
F:\Macquarie\Sem 1\Data Science\Github\assignment-2-talalahmad27\dataset2\sunrise192.jpg,sunrise
F:\Macquarie\Sem 1\Data Science\Github\assignment-2-talalahmad27\dataset2\shine233.jpg,shine
F:\Macquarie\Sem 1\Data Science\Github\assignment-2-talalahmad27\dataset2\shine62.jpg,shine
F:\Macquarie\Sem 1\Data Science\Github\assignment-2-talalahmad27\dataset2\sunrise194.jpg,sunrise
F:\Macquarie\Sem 1\Data Science\Github\assignment-2-talalahmad27\dataset2\sunrise118.jpg,sunrise
F:\Macquarie\Sem 1\Data Science\Github\assignment-2-talalahmad27\dataset2\cloudy296.jpg,cloudy
F:\Macquarie\Sem 1\Data Science\Github\assignment-2-talalahmad27\dataset2\shine250.jpg,shine
F:\Macquarie\Sem 1\Data Science\Github\assignment-2-talalahmad27\dataset2\rain53.jpg,rain
F:\Macquarie\Sem 1\Data Science\Github\assignment-2-talalahmad27\dataset2\sunrise224.jpg,sunrise
F:\Macquarie\Sem 1\Data Science\Github\assignment-2-talalahmad27\dataset2\sunrise46.jpg,sunrise
F:\Macquarie\Sem 1\Data Science\Github\assignment-2-talalahmad27\dataset2\rain73.jpg,rain
F:\Macquarie\Sem 1\Data Science\Github\assignment-2-talalahmad27\dataset2\cloudy277.jpg,cloudy
F:\Macquarie\Sem 1\Data Science\Github\assignment-2-talalahmad27\dataset2\sunrise282.jpg,sunrise
F:\Macquarie\Sem 1\Data Science\Github\assignment-2-talalahmad27\dataset2\rain37.jpg,rain
F:\Macquarie\Sem 1\Data Science\Github\assignment-2-talalahmad27\dataset2\shine27.jpg,shine
F:\Macquarie\Sem 1\Data Science\Github\assignment-2-talalahmad27\dataset2\cloudy224.jpg,cloudy
F:\Macquarie\Sem 1\Data Science\Github\assignment-2-talalahmad27\dataset2\sunrise264.jpg,sunrise
F:\Macquarie\Sem 1\Data Science\Github\assignment-2-talalahmad27\dataset2\sunrise271.jpg,sunrise
F:\Macquarie\Sem 1\Data Science\Github\assignment-2-talalahmad27\dataset2\sunrise73.jpg,sunrise
F:\Macquarie\Sem 1\Data Science\Github\assignment-2-talalahmad27\dataset2\sunrise76.jpg,sunrise
F:\Macquarie\Sem 1\Data Science\Github\assignment-2-talalahmad27\dataset2\rain134.jpg,rain
F:\Macquarie\Sem 1\Data Science\Github\assignment-2-talalahmad27\dataset2\sunrise164.jpg,sunrise
